{"rChannel":{"x":0.15000000596046449,"y":0.5199999809265137,"z":255.0,"w":255.0},"gChannel":{"x":-0.17000000178813935,"y":1.9900000095367432,"z":255.0,"w":255.0},"bChannel":{"x":0.009999999776482582,"y":-11.949999809265137,"z":255.0,"w":255.0}}