{"rChannel":{"x":0.01600000075995922,"y":4.0,"z":117.5,"w":117.5},"gChannel":{"x":0.013000000268220902,"y":2.0,"z":117.5,"w":117.5},"bChannel":{"x":0.009999999776482582,"y":1.0,"z":117.5,"w":117.5}}