{"rChannel":{"x":0.12999999523162843,"y":-1.1399999856948853,"z":117.0,"w":0.0},"gChannel":{"x":0.18000000715255738,"y":-3.190000057220459,"z":117.0,"w":0.0},"bChannel":{"x":0.029999999329447748,"y":6.329999923706055,"z":255.0,"w":0.0}}