{"rChannel":{"x":6.21999979019165,"y":0.5199999809265137,"z":255.0,"w":255.0},"gChannel":{"x":3.2200000286102297,"y":1.9900000095367432,"z":255.0,"w":255.0},"bChannel":{"x":8.460000038146973,"y":-11.949999809265137,"z":255.0,"w":255.0}}