{"rChannel":{"x":0.07999999821186066,"y":4.0,"z":255.0,"w":255.0},"gChannel":{"x":0.013000000268220902,"y":2.0,"z":50.0,"w":50.0},"bChannel":{"x":0.0,"y":0.0,"z":0.0,"w":0.0}}