{"rChannel":{"x":0.09000000357627869,"y":16.190000534057618,"z":117.5,"w":117.5},"gChannel":{"x":0.03999999910593033,"y":7.050000190734863,"z":117.5,"w":117.5},"bChannel":{"x":0.029999999329447748,"y":6.329999923706055,"z":117.5,"w":117.5}}