{"rChannel":{"x":0.25999999046325686,"y":-2.009999990463257,"z":117.0,"w":10.0},"gChannel":{"x":0.12999999523162843,"y":0.7900000214576721,"z":55.0,"w":55.0},"bChannel":{"x":0.029999999329447748,"y":1.0,"z":255.0,"w":2555.0}}